zipcode,neighborhood
11697,Rockaways
11695,Rockaways
11694,Rockaways
11693,Rockaways
11692,Rockaways
11691,Rockaways
11436,Jamaica
11435,Jamaica
11434,Jamaica
11433,Jamaica
11432,Jamaica
11429,Southeast Queens
11428,Southeast Queens
11427,Southeast Queens
11426,Southeast Queens
11423,Jamaica
11422,Southeast Queens
11421,Southwest Queens
11420,Southwest Queens
11419,Southwest Queens
11418,Southwest Queens
11417,Southwest Queens
11416,Southwest Queens
11415,Southwest Queens
11414,Southwest Queens
11413,Southeast Queens
11412,Jamaica
11411,Southeast Queens
11385,West Central Queens
11379,West Central Queens
11378,West Queens
11377,West Queens
11375,West Central Queens
11374,West Central Queens
11373,West Queens
11372,West Queens
11370,West Queens
11369,West Queens
11368,West Queens
11367,Central Queens
11366,Central Queens
11365,Central Queens
11364,Northeast Queens
11363,Northeast Queens
11362,Northeast Queens
11361,Northeast Queens
11360,North Queens
11359,North Queens
11358,North Queens
11357,North Queens
11356,North Queens
11355,North Queens
11354,North Queens
11239,Canarsie and Flatlands
11238,Central Brooklyn
11237,Bushwick and Williamsburg
11236,Canarsie and Flatlands
11235,Southern Brooklyn
11234,Canarsie and Flatlands
11233,Central Brooklyn
11232,Sunset Park
11231,Northwest Brooklyn
11230,Borough Park
11229,Southern Brooklyn
11228,Southwest Brooklyn
11226,Flatbush
11225,Flatbush
11224,Southern Brooklyn
11223,Southern Brooklyn
11222,Greenpoint
11221,Bushwick and Williamsburg
11220,Sunset Park
11219,Borough Park
11218,Borough Park
11217,Northwest Brooklyn
11216,Central Brooklyn
11215,Northwest Brooklyn
11214,Southwest Brooklyn
11213,Central Brooklyn
11212,Central Brooklyn
11211,Greenpoint
11210,Flatbush
11209,Southwest Brooklyn
11208,East New York and New Lots
11207,East New York and New Lots
11206,Bushwick and Williamsburg
11205,Northwest Brooklyn
11204,Borough Park
11203,Flatbush
11201,Northwest Brooklyn
11106,Northwest Queens
11105,Northwest Queens
11104,Northwest Queens
11103,Northwest Queens
11102,Northwest Queens
11101,Northwest Queens
11005,Southeast Queens
11004,Southeast Queens
10475,Northeast Bronx
10474,Hunts Point and Mott Haven
10473,Southeast Bronx
10472,Southeast Bronx
10471,Kingsbridge and Riverdale
10470,Northeast Bronx
10469,Northeast Bronx
10468,Bronx Park and Fordham
10467,Bronx Park and Fordham
10466,Northeast Bronx
10465,Southeast Bronx
10464,Southeast Bronx
10463,Kingsbridge and Riverdale
10462,Southeast Bronx
10461,Southeast Bronx
10460,Central Bronx
10459,Hunts Point and Mott Haven
10458,Bronx Park and Fordham
10457,Central Bronx
10456,High Bridge and Morrisania
10455,Hunts Point and Mott Haven
10454,Hunts Point and Mott Haven
10453,Central Bronx
10452,High Bridge and Morrisania
10451,High Bridge and Morrisania
10314,Mid-Island
10312,South Shore
10310,Port Richmond
10309,South Shore
10308,South Shore
10307,South Shore
10306,South Shore
10305,Stapleton and St. George
10304,Stapleton and St. George
10303,Port Richmond
10302,Port Richmond
10301,Stapleton and St. George
10280,Lower Manhattan
10128,Upper East Side
10044,Upper East Side
10040,Inwood and Washington Heights
10039,Central Harlem
10038,Lower Manhattan
10037,Central Harlem
10036,Chelsea and Clinton
10035,East Harlem
10034,Inwood and Washington Heights
10033,Inwood and Washington Heights
10032,Inwood and Washington Heights
10031,Inwood and Washington Heights
10030,Central Harlem
10029,East Harlem
10028,Upper East Side
10027,Central Harlem
10026,Central Harlem
10025,Upper West Side
10024,Upper West Side
10023,Upper West Side
10022,Gramercy Park and Murray Hill
10021,Upper East Side
10020,Chelsea and Clinton
10019,Chelsea and Clinton
10018,Chelsea and Clinton
10017,Gramercy Park and Murray Hill
10016,Gramercy Park and Murray Hill
10014,Greenwich Village and Soho
10013,Greenwich Village and Soho
10012,Greenwich Village and Soho
10011,Chelsea and Clinton
10010,Gramercy Park and Murray Hill
10009,Lower East Side
10007,Lower Manhattan
10006,Lower Manhattan
10005,Lower Manhattan
10004,Lower Manhattan
10003,Lower East Side
10002,Lower East Side
10001,Chelsea and Clinton
